full_name,email,phone_number,address,date_of_birth
Nicholas Avery,hdawson@example.com,3955285128,"85957 Evans Locks Suite 991, Lorettaton, VT 12619",1973-10-24
Robert Obrien,daviscatherine@example.com,294.609.7387x90239,"USNS Daniels, FPO AE 33060",1940-11-30
Elizabeth Wilson,olsonregina@example.net,669.743.5469,"897 David Hills, New Heatherville, OH 60820",1997-05-06
Emily Orr,alexanderroy@example.com,742.442.1774,"USNS Jones, FPO AA 03742",2008-11-06
Gary Smith,derekstephens@example.com,464.285.8250x4465,"Unit 9119 Box 5406, DPO AA 98872",1949-09-25
Daniel Smith,howarddaniel@example.com,(349)214-3399x195,"597 Pamela Fields, Phillipsfurt, OH 52877",1939-07-24
Tristan Shaffer,kimberlymoore@example.net,527-870-2219,"032 Smith Fields, East Cynthia, TX 48836",1954-12-28
Joseph Newman,sara56@example.com,(341)462-1220x4088,"891 Miller Plain Suite 508, Michellefort, OR 04602",1987-12-11
Mr. Russell Stewart DVM,mcdonaldcameron@example.com,836.502.4024,"6533 Thompson Plaza Apt. 916, West Jamie, PA 24353",1951-09-19
Jennifer Thomas,sharonruiz@example.com,001-272-241-8518,"USS Smith, FPO AP 90263",2024-08-14
Jeffery Harris,zimmermankimberly@example.net,(846)728-7543x830,"7786 Samantha Ports, North Timothyfort, MT 41739",2021-12-08
Michelle Williams,johnmcpherson@example.com,+1-207-680-4990,"87024 Harris River, Josephstad, ND 41683",2006-01-26
Kiara George,jonathandillon@example.com,467-463-5358,"1381 Denise Circles Suite 220, North Jennifer, CO 64599",1955-05-04
Tanya Nelson,darinwatson@example.org,849-292-7504,"62308 Davis Parkway, South Christine, WY 07615",2024-11-07
Jaclyn Jones,langsteven@example.com,931-341-7020x9937,"2710 Anderson Ways Suite 736, South Nicole, PW 56377",2000-02-23
Sherry Parks,jperez@example.com,769-320-7203x655,"96465 Michael Tunnel Apt. 972, Lisaland, ND 80300",1918-05-13
Elizabeth Bailey,dharrison@example.net,+1-532-231-5659x73649,"08811 Kennedy Neck Suite 613, Shanemouth, PW 89192",2024-01-06
Ryan George,xmontoya@example.org,886-261-6518x880,"55139 Kathleen Plains, Allenmouth, WV 30300",1984-02-14
Gail Cain,weissstephen@example.com,001-353-652-6588x827,"3350 Bryan Extensions Apt. 464, New Sharon, AS 51194",1997-06-26
Donna Hansen,lhawkins@example.net,720.523.5870x6798,"258 Allen Cliffs, Charlesshire, HI 76647",2015-10-08
Julian Lee,hrobertson@example.com,8693586472,"06116 Brandon Mill Suite 156, Cartertown, GU 65117",1992-09-06
Steven Moyer,collinsvicki@example.org,+1-996-795-7799x0648,"60998 Monica Island Suite 504, East Heatherton, AR 58386",1997-06-25
Michael Banks,steven38@example.com,+1-708-217-6603x230,"501 April Tunnel, Darrylville, SD 27984",1991-04-07
Robert Abbott,danjoseph@example.com,533.624.2962,"USCGC Compton, FPO AP 08584",1928-01-17
Regina Taylor,amandamckee@example.org,922.776.9030,"6214 Green Extensions, Jameston, AL 75628",2024-07-12
Ryan Lewis,lisawatson@example.org,439.405.2188,"35955 Torres Plaza Suite 910, Sawyershire, PW 03482",1962-02-14
Mrs. Katie Love,patricia36@example.com,958-399-0729,"86579 Christina Ville Apt. 842, Ethanland, UT 40193",1926-03-18
Joseph Cook,atrevino@example.com,257-372-3743,"PSC 8724, Box 4927, APO AP 88412",1942-01-24
Lindsay Martinez,randolphjanet@example.net,919.504.4923x4561,"974 Graham Islands, Sullivanborough, WA 15473",1933-03-07
Steven Donovan,joseph11@example.com,001-386-342-2944x6508,"0280 Michael Passage Suite 996, Kathrynland, GA 27975",1974-05-01
Elizabeth Schneider,watsonsergio@example.net,(969)913-9410x5899,"1282 Elaine Ports Apt. 302, New Denise, PW 10006",1977-02-17
Monica Ochoa,thomas93@example.net,313-683-0174x939,"4687 Ashley Green, Port Josephmouth, FM 34197",2012-09-25
Beverly Odonnell,shermanjack@example.net,505.978.3959,"8459 Stevens Path, North Megan, AR 42102",1997-09-01
Thomas Banks,joseph50@example.net,624.878.3167,"61418 Sharon Loaf, Lake Stephaniemouth, FL 09901",2000-02-22
Tiffany Garrison,spowers@example.net,920.998.3258,"USCGC Fisher, FPO AA 69722",1930-09-29
Elizabeth Mullins,brianmartin@example.net,001-801-285-1416,"4553 Smith Brook, Fordstad, VI 10894",2009-11-27
Nicholas Hart,donald67@example.net,819-227-8722x386,"26466 Christopher Springs, Kellyville, CA 62787",1973-05-31
Rachael Collins,joseph83@example.net,764.572.5554x223,"920 David Drive Suite 617, Nicholasfort, FL 29127",1933-11-11
Robert Long,lowens@example.org,201-230-8387x494,"9816 Montoya Squares Apt. 783, Burnschester, NM 70910",1947-01-15
Todd Rodriguez,derekhatfield@example.com,783.795.8740x1600,"832 Michael Tunnel, Jeremyside, WI 12658",1943-07-30
Paul Mendez,christopher54@example.org,001-222-788-8716x6374,"USCGC Jackson, FPO AA 30981",2017-01-04
Austin Griffin,lbuck@example.org,775-571-5451x5100,"4922 Collin Islands Suite 886, North Mitchell, IA 69640",1985-10-01
Linda Rivera,james60@example.com,833-379-3377x960,"9352 Phillips Circles Apt. 201, West Laurenport, VT 05929",1925-07-13
Michael Ball,pford@example.net,2826549382,"56599 Amber Groves, East Lindaville, VI 70606",1998-09-18
Lauren Mahoney,catherine75@example.net,(810)641-7678x9226,"17938 Clark Glens, Jonesburgh, AS 76817",1916-04-03
Danny Wilson,starkkelly@example.com,+1-422-624-0395,"051 John Street, South Christine, NJ 07617",1995-05-05
Kimberly Whitney,vincentcollins@example.org,777-292-1766,"7617 Laura Tunnel Suite 344, Port Veronica, CO 23324",1964-06-21
Dustin Hammond,raymondspencer@example.net,572-556-6292,"Unit 8699 Box 4062, DPO AA 26088",2008-01-06
Christopher Gonzales,leeanna@example.com,(279)545-9511,"10300 Hayes Extensions, Roberthaven, GU 76910",1966-01-05
Susan Mcintosh,wbarr@example.org,739-894-8399,"802 Andrew Court Apt. 251, Masonport, OH 47644",2021-01-25
Stephen Jimenez,angela39@example.com,+1-336-522-7943x4072,"55641 Phillips Port Suite 609, New Zacharyhaven, OH 52466",1914-03-07
Benjamin Walker,nicoledavis@example.net,+1-823-777-6217x3774,"574 Bryan Flat Suite 046, Lake Joshua, NY 33502",2021-04-02
Lisa Nixon,jacobmcbride@example.org,001-761-531-1524x9282,"USCGC Lopez, FPO AA 41919",1931-09-18
Erika Martinez,lucas05@example.com,367.430.1037,"769 Herrera Cape Apt. 565, North Tina, OR 39530",1994-05-28
Frederick Smith,nancyschultz@example.org,+1-525-311-2094x69424,"Unit 1657 Box 1293, DPO AA 59523",1997-03-01
Kayla Herrera,christopher12@example.net,001-359-848-7439x58064,"794 Cooper Spur Suite 668, Martinburgh, MA 57563",1964-10-23
Mrs. Robin Wilcox,matthewsullivan@example.org,2762642727,"2438 Reed Drives Apt. 165, Mclaughlinport, ME 31420",1963-11-16
Aaron Freeman,jenkinsmarcus@example.net,812-783-9097,"585 Hunter Meadow Suite 494, Perryburgh, NY 40819",1944-04-29
Leonard Sharp,nlam@example.com,550-774-5160x73442,"5688 Parsons View Suite 932, Lake Norman, DC 51395",1924-11-18
Tina Horton,dbeck@example.net,2042633241,"63003 Michelle Square, Garcialand, IL 83988",2003-02-12
Melanie Thompson,saundersholly@example.com,001-494-338-7309x96045,"846 Rivera Vista, Lake Melanie, OH 61507",1938-09-14
Justin Henderson,ivan07@example.com,(797)299-0663x475,"067 Joseph Garden Apt. 163, Lake Andrewland, SC 13367",1923-12-06
Joyce Peters,lisamcbride@example.com,915.698.2533,"1022 Angela Square, Obrienbury, WY 82876",1998-11-07
Jody Johnson,nicholsgina@example.net,440.490.5836x27550,"224 Angela Creek Suite 801, Williamburgh, MN 67028",1942-01-31
Michael Kelly,hensleylarry@example.org,4044920070,"036 Berger Club, Webbview, AS 08428",1963-10-27
Erin Callahan,brodriguez@example.com,001-456-818-4015x416,"929 Robinson Underpass, South Donna, MP 41707",2010-06-30
Samantha Holt,ubrown@example.net,632-544-6158,"4370 Carter Valleys Suite 237, Morrisshire, NM 05234",1926-01-13
Kathleen Williams,crystalcolon@example.org,001-650-241-4846x71562,"35501 Christina Point, Walterbury, NE 97095",1944-02-10
Jeffrey Martinez,michael48@example.net,+1-930-243-6890x5879,"6164 Ashley Divide, West Markview, NC 03293",2014-08-07
Gary Smith,kelleynicholas@example.com,001-542-277-3627x22462,"78859 Tyler Pike Suite 199, Thompsonchester, CT 61463",1982-07-31
Robert Nelson,debraedwards@example.com,(205)578-2047x59408,"06515 Christina Trafficway Suite 867, Devonmouth, ND 39366",2024-03-21
Ronald Mullen,andrewscatherine@example.net,617-791-7045,"1830 Martinez Walks Apt. 038, Lake David, KS 91899",1962-06-16
Sally Clements,harveyashley@example.net,522.465.3634x93347,"USS Brady, FPO AE 52203",1953-07-20
Mary Hodges,craigblack@example.org,+1-307-394-9523x013,"6840 Bennett Mountains Suite 624, Virginiashire, IL 73539",1981-08-26
Susan Rodriguez,amandacopeland@example.org,294-555-4843x5568,"45735 Lynn Centers, Lorishire, SC 42817",1984-01-30
Norma Lloyd,thomastonya@example.com,001-222-789-7232,"Unit 1192 Box 2878, DPO AA 47146",1972-01-07
Amber Castillo,mreed@example.net,(487)656-2984,"8430 Johnson Gateway Apt. 355, South Josephhaven, MH 66095",2022-03-23
James Garcia,anthony22@example.com,001-896-539-5814x236,"370 Donald Mews, West Margaretport, IN 40379",1970-05-18
Tyler Roberson,thomas88@example.net,(596)745-9106x1989,"638 Tate Forge, Avilamouth, MH 01516",1992-10-23
Jennifer Horn,jacksonamanda@example.com,270.321.8216,"26392 Brianna Plaza Apt. 775, Lake Kimberly, OK 29193",1926-08-01
Heather Ingram,pricelisa@example.net,(887)237-4762x091,"1438 Jones Crossing, Lisaside, NM 03008",1915-11-30
Margaret Hobbs,morganhays@example.org,793-803-8842x75222,"89857 Wilson Flats Apt. 330, Whiteborough, NC 41066",1964-10-25
Sandra Hays,henry00@example.com,001-399-329-0433x5795,"06363 Edward Street Suite 119, South Maxwellland, WY 75146",1947-11-09
Jeffrey Contreras,veronicayang@example.com,7829169755,"825 Booth Route Apt. 006, Michaelfort, GA 55378",1969-09-14
Randy Coleman,dwoods@example.com,+1-622-397-3794x2176,"6649 Davila Cliff, Lake Emily, OH 05138",1970-01-31
Mitchell Harris,cathy99@example.org,4567326913,"589 Melissa Fords, Sarahville, RI 82790",2009-07-06
Tina English,erica15@example.net,(715)883-5437,"519 Edward Lodge, Travisland, FM 37497",2025-02-18
Lori Martinez,harrismelissa@example.net,877-974-9110x14301,"87802 Gilbert Forest, Moranfort, UT 74231",1910-01-16
Devin Macias,alejandra47@example.net,(565)822-9530,"65437 Nicole Ramp Apt. 802, Thomasshire, FM 58875",1987-03-21
Rebecca Johnston,deannadelgado@example.com,+1-397-257-1318,"8043 Nunez Row, Millerport, TX 39574",1980-05-16
Shannon Lester,jomiller@example.net,001-753-259-8573,"Unit 5014 Box 4338, DPO AA 55717",1986-09-30
Lisa Martin,larrygomez@example.net,+1-927-764-7841,"499 Douglas Harbors, New Kevinburgh, IL 65267",1981-03-03
Debbie Horn,rodney68@example.org,(629)728-0757x3064,"13353 Miguel Branch, Amandafort, ID 42010",1933-12-29
Robin Bell,perezjessica@example.net,(515)874-6499x512,"PSC 1507, Box 0421, APO AA 13090",1931-11-20
Nathan Carson,paulsmith@example.net,001-318-508-5044x92634,"11338 Carter Common Apt. 619, North Marisa, MS 37680",1917-01-10
Jorge Long,virginiacortez@example.org,+1-309-523-3194x2414,"Unit 9060 Box 5286, DPO AE 16479",1989-05-29
Charles Chapman,amyanderson@example.com,(629)993-3244x71895,"810 Turner Island Apt. 942, South Erinshire, ID 29948",1938-08-27
Holly Brown,grayjohn@example.com,+1-363-202-1155x42743,"2985 Cook Ways Suite 116, South Jesseview, GA 62244",1959-02-11
Jesse Brennan,linda42@example.com,(613)542-8746x816,"414 Carol Estates, Port Oliviaburgh, DE 58105",1951-10-07
Wanda Lowe,charlesturner@example.org,001-490-421-0946x41337,"154 Ramos Mills Suite 315, Paulfort, OH 25856",2012-12-27
